<?xml version="1.0" encoding="UTF-8" standalone="yes"?>
<ArrayOfMemoryEntry xmlns:xsi="http://www.w3.org/2001/XMLSchema-instance">
	<MemoryEntry>
		<IsFavourite>false</IsFavourite>
		<Name>B 01 30/39</Name>
		<GroupName>Radiotelefon</GroupName>
		<Frequency>30075000</Frequency>
		<DetectorType>NFM</DetectorType>
		<Shift>0</Shift>
		<FilterBandwidth>12500</FilterBandwidth>
	</MemoryEntry>
	<MemoryEntry>
		<IsFavourite>false</IsFavourite>
		<Name>B 02 30/39</Name>
		<GroupName>Radiotelefon</GroupName>
		<Frequency>30100000</Frequency>
		<DetectorType>NFM</DetectorType>
		<Shift>0</Shift>
		<FilterBandwidth>12500</FilterBandwidth>
	</MemoryEntry>
	<MemoryEntry>
		<IsFavourite>false</IsFavourite>
		<Name>B 03 30/39</Name>
		<GroupName>Radiotelefon</GroupName>
		<Frequency>30125000</Frequency>
		<DetectorType>NFM</DetectorType>
		<Shift>0</Shift>
		<FilterBandwidth>12500</FilterBandwidth>
	</MemoryEntry>
	<MemoryEntry>
		<IsFavourite>false</IsFavourite>
		<Name>B 04 30/39</Name>
		<GroupName>Radiotelefon</GroupName>
		<Frequency>30150000</Frequency>
		<DetectorType>NFM</DetectorType>
		<Shift>0</Shift>
		<FilterBandwidth>12500</FilterBandwidth>
	</MemoryEntry>
	<MemoryEntry>
		<IsFavourite>false</IsFavourite>
		<Name>B 05 30/39</Name>
		<GroupName>Radiotelefon</GroupName>
		<Frequency>30175000</Frequency>
		<DetectorType>NFM</DetectorType>
		<Shift>0</Shift>
		<FilterBandwidth>12500</FilterBandwidth>
	</MemoryEntry>
	<MemoryEntry>
		<IsFavourite>false</IsFavourite>
		<Name>B 06 30/39</Name>
		<GroupName>Radiotelefon</GroupName>
		<Frequency>30200000</Frequency>
		<DetectorType>NFM</DetectorType>
		<Shift>0</Shift>
		<FilterBandwidth>12500</FilterBandwidth>
	</MemoryEntry>
	<MemoryEntry>
		<IsFavourite>false</IsFavourite>
		<Name>B 07 30/39</Name>
		<GroupName>Radiotelefon</GroupName>
		<Frequency>30225000</Frequency>
		<DetectorType>NFM</DetectorType>
		<Shift>0</Shift>
		<FilterBandwidth>12500</FilterBandwidth>
	</MemoryEntry>
	<MemoryEntry>
		<IsFavourite>false</IsFavourite>
		<Name>B 08 30/39</Name>
		<GroupName>Radiotelefon</GroupName>
		<Frequency>30250000</Frequency>
		<DetectorType>NFM</DetectorType>
		<Shift>0</Shift>
		<FilterBandwidth>12500</FilterBandwidth>
	</MemoryEntry>
	<MemoryEntry>
		<IsFavourite>false</IsFavourite>
		<Name>B 09 30/39</Name>
		<GroupName>Radiotelefon</GroupName>
		<Frequency>30275000</Frequency>
		<DetectorType>NFM</DetectorType>
		<Shift>0</Shift>
		<FilterBandwidth>12500</FilterBandwidth>
	</MemoryEntry>
	<MemoryEntry>
		<IsFavourite>false</IsFavourite>
		<Name>B 10 30/39</Name>
		<GroupName>Radiotelefon</GroupName>
		<Frequency>30300000</Frequency>
		<DetectorType>NFM</DetectorType>
		<Shift>0</Shift>
		<FilterBandwidth>12500</FilterBandwidth>
	</MemoryEntry>
	<MemoryEntry>
		<IsFavourite>false</IsFavourite>
		<Name>T 01 30/39</Name>
		<GroupName>Radiotelefon</GroupName>
		<Frequency>39775000</Frequency>
		<DetectorType>NFM</DetectorType>
		<Shift>0</Shift>
		<FilterBandwidth>12500</FilterBandwidth>
	</MemoryEntry>
	<MemoryEntry>
		<IsFavourite>false</IsFavourite>
		<Name>T 02 30/39</Name>
		<GroupName>Radiotelefon</GroupName>
		<Frequency>39800000</Frequency>
		<DetectorType>NFM</DetectorType>
		<Shift>0</Shift>
		<FilterBandwidth>12500</FilterBandwidth>
	</MemoryEntry>
	<MemoryEntry>
		<IsFavourite>false</IsFavourite>
		<Name>T 03 30/39</Name>
		<GroupName>Radiotelefon</GroupName>
		<Frequency>39825000</Frequency>
		<DetectorType>NFM</DetectorType>
		<Shift>0</Shift>
		<FilterBandwidth>12500</FilterBandwidth>
	</MemoryEntry>
	<MemoryEntry>
		<IsFavourite>false</IsFavourite>
		<Name>T 04 30/39</Name>
		<GroupName>Radiotelefon</GroupName>
		<Frequency>39850000</Frequency>
		<DetectorType>NFM</DetectorType>
		<Shift>0</Shift>
		<FilterBandwidth>12500</FilterBandwidth>
	</MemoryEntry>
	<MemoryEntry>
		<IsFavourite>false</IsFavourite>
		<Name>T 05 30/39</Name>
		<GroupName>Radiotelefon</GroupName>
		<Frequency>39875000</Frequency>
		<DetectorType>NFM</DetectorType>
		<Shift>0</Shift>
		<FilterBandwidth>12500</FilterBandwidth>
	</MemoryEntry>
	<MemoryEntry>
		<IsFavourite>false</IsFavourite>
		<Name>T 06 30/39</Name>
		<GroupName>Radiotelefon</GroupName>
		<Frequency>39900000</Frequency>
		<DetectorType>NFM</DetectorType>
		<Shift>0</Shift>
		<FilterBandwidth>12500</FilterBandwidth>
	</MemoryEntry>
	<MemoryEntry>
		<IsFavourite>false</IsFavourite>
		<Name>T 07 30/39</Name>
		<GroupName>Radiotelefon</GroupName>
		<Frequency>39925000</Frequency>
		<DetectorType>NFM</DetectorType>
		<Shift>0</Shift>
		<FilterBandwidth>12500</FilterBandwidth>
	</MemoryEntry>
	<MemoryEntry>
		<IsFavourite>false</IsFavourite>
		<Name>T 08 30/39</Name>
		<GroupName>Radiotelefon</GroupName>
		<Frequency>39950000</Frequency>
		<DetectorType>NFM</DetectorType>
		<Shift>0</Shift>
		<FilterBandwidth>12500</FilterBandwidth>
	</MemoryEntry>
	<MemoryEntry>
		<IsFavourite>false</IsFavourite>
		<Name>T 09 30/39</Name>
		<GroupName>Radiotelefon</GroupName>
		<Frequency>39975000</Frequency>
		<DetectorType>NFM</DetectorType>
		<Shift>0</Shift>
		<FilterBandwidth>12500</FilterBandwidth>
	</MemoryEntry>
	<MemoryEntry>
		<IsFavourite>false</IsFavourite>
		<Name>T 10 30/39</Name>
		<GroupName>Radiotelefon</GroupName>
		<Frequency>40000000</Frequency>
		<DetectorType>NFM</DetectorType>
		<Shift>0</Shift>
		<FilterBandwidth>12500</FilterBandwidth>
	</MemoryEntry>
	<MemoryEntry>
		<IsFavourite>false</IsFavourite>
		<Name>B 01 46/49</Name>
		<GroupName>Radiotelefon</GroupName>
		<Frequency>43720000</Frequency>
		<DetectorType>NFM</DetectorType>
		<Shift>0</Shift>
		<FilterBandwidth>12500</FilterBandwidth>
	</MemoryEntry>
	<MemoryEntry>
		<IsFavourite>false</IsFavourite>
		<Name>B 02 46/49</Name>
		<GroupName>Radiotelefon</GroupName>
		<Frequency>43740000</Frequency>
		<DetectorType>NFM</DetectorType>
		<Shift>0</Shift>
		<FilterBandwidth>12500</FilterBandwidth>
	</MemoryEntry>
	<MemoryEntry>
		<IsFavourite>false</IsFavourite>
		<Name>B 03 46/49</Name>
		<GroupName>Radiotelefon</GroupName>
		<Frequency>43820000</Frequency>
		<DetectorType>NFM</DetectorType>
		<Shift>0</Shift>
		<FilterBandwidth>12500</FilterBandwidth>
	</MemoryEntry>
	<MemoryEntry>
		<IsFavourite>false</IsFavourite>
		<Name>B 04 46/49</Name>
		<GroupName>Radiotelefon</GroupName>
		<Frequency>43840000</Frequency>
		<DetectorType>NFM</DetectorType>
		<Shift>0</Shift>
		<FilterBandwidth>12500</FilterBandwidth>
	</MemoryEntry>
	<MemoryEntry>
		<IsFavourite>false</IsFavourite>
		<Name>B 05 46/49</Name>
		<GroupName>Radiotelefon</GroupName>
		<Frequency>43920000</Frequency>
		<DetectorType>NFM</DetectorType>
		<Shift>0</Shift>
		<FilterBandwidth>12500</FilterBandwidth>
	</MemoryEntry>
	<MemoryEntry>
		<IsFavourite>false</IsFavourite>
		<Name>B 06 46/49</Name>
		<GroupName>Radiotelefon</GroupName>
		<Frequency>43960000</Frequency>
		<DetectorType>NFM</DetectorType>
		<Shift>0</Shift>
		<FilterBandwidth>12500</FilterBandwidth>
	</MemoryEntry>
	<MemoryEntry>
		<IsFavourite>false</IsFavourite>
		<Name>B 07 46/49</Name>
		<GroupName>Radiotelefon</GroupName>
		<Frequency>44120000</Frequency>
		<DetectorType>NFM</DetectorType>
		<Shift>0</Shift>
		<FilterBandwidth>12500</FilterBandwidth>
	</MemoryEntry>
	<MemoryEntry>
		<IsFavourite>false</IsFavourite>
		<Name>B 08 46/49</Name>
		<GroupName>Radiotelefon</GroupName>
		<Frequency>44160000</Frequency>
		<DetectorType>NFM</DetectorType>
		<Shift>0</Shift>
		<FilterBandwidth>12500</FilterBandwidth>
	</MemoryEntry>
	<MemoryEntry>
		<IsFavourite>false</IsFavourite>
		<Name>B 09 46/49</Name>
		<GroupName>Radiotelefon</GroupName>
		<Frequency>44180000</Frequency>
		<DetectorType>NFM</DetectorType>
		<Shift>0</Shift>
		<FilterBandwidth>12500</FilterBandwidth>
	</MemoryEntry>
	<MemoryEntry>
		<IsFavourite>false</IsFavourite>
		<Name>B 10 46/49</Name>
		<GroupName>Radiotelefon</GroupName>
		<Frequency>44200000</Frequency>
		<DetectorType>NFM</DetectorType>
		<Shift>0</Shift>
		<FilterBandwidth>12500</FilterBandwidth>
	</MemoryEntry>
	<MemoryEntry>
		<IsFavourite>false</IsFavourite>
		<Name>B 11 46/49</Name>
		<GroupName>Radiotelefon</GroupName>
		<Frequency>44320000</Frequency>
		<DetectorType>NFM</DetectorType>
		<Shift>0</Shift>
		<FilterBandwidth>12500</FilterBandwidth>
	</MemoryEntry>
	<MemoryEntry>
		<IsFavourite>false</IsFavourite>
		<Name>B 12 46/49</Name>
		<GroupName>Radiotelefon</GroupName>
		<Frequency>44360000</Frequency>
		<DetectorType>NFM</DetectorType>
		<Shift>0</Shift>
		<FilterBandwidth>12500</FilterBandwidth>
	</MemoryEntry>
	<MemoryEntry>
		<IsFavourite>false</IsFavourite>
		<Name>B 13 46/49</Name>
		<GroupName>Radiotelefon</GroupName>
		<Frequency>44400000</Frequency>
		<DetectorType>NFM</DetectorType>
		<Shift>0</Shift>
		<FilterBandwidth>12500</FilterBandwidth>
	</MemoryEntry>
	<MemoryEntry>
		<IsFavourite>false</IsFavourite>
		<Name>B 14 46/49</Name>
		<GroupName>Radiotelefon</GroupName>
		<Frequency>44460000</Frequency>
		<DetectorType>NFM</DetectorType>
		<Shift>0</Shift>
		<FilterBandwidth>12500</FilterBandwidth>
	</MemoryEntry>
	<MemoryEntry>
		<IsFavourite>false</IsFavourite>
		<Name>B 15 46/49</Name>
		<GroupName>Radiotelefon</GroupName>
		<Frequency>44480000</Frequency>
		<DetectorType>NFM</DetectorType>
		<Shift>0</Shift>
		<FilterBandwidth>12500</FilterBandwidth>
	</MemoryEntry>
	<MemoryEntry>
		<IsFavourite>false</IsFavourite>
		<Name>B 16 46/49</Name>
		<GroupName>Radiotelefon</GroupName>
		<Frequency>46610000</Frequency>
		<DetectorType>NFM</DetectorType>
		<Shift>0</Shift>
		<FilterBandwidth>12500</FilterBandwidth>
	</MemoryEntry>
	<MemoryEntry>
		<IsFavourite>false</IsFavourite>
		<Name>B 17 46/49</Name>
		<GroupName>Radiotelefon</GroupName>
		<Frequency>46630000</Frequency>
		<DetectorType>NFM</DetectorType>
		<Shift>0</Shift>
		<FilterBandwidth>12500</FilterBandwidth>
	</MemoryEntry>
	<MemoryEntry>
		<IsFavourite>false</IsFavourite>
		<Name>B 18 46/49</Name>
		<GroupName>Radiotelefon</GroupName>
		<Frequency>46670000</Frequency>
		<DetectorType>NFM</DetectorType>
		<Shift>0</Shift>
		<FilterBandwidth>12500</FilterBandwidth>
	</MemoryEntry>
	<MemoryEntry>
		<IsFavourite>false</IsFavourite>
		<Name>B 19 46/49</Name>
		<GroupName>Radiotelefon</GroupName>
		<Frequency>46710000</Frequency>
		<DetectorType>NFM</DetectorType>
		<Shift>0</Shift>
		<FilterBandwidth>12500</FilterBandwidth>
	</MemoryEntry>
	<MemoryEntry>
		<IsFavourite>false</IsFavourite>
		<Name>B 20 46/49</Name>
		<GroupName>Radiotelefon</GroupName>
		<Frequency>46730000</Frequency>
		<DetectorType>NFM</DetectorType>
		<Shift>0</Shift>
		<FilterBandwidth>12500</FilterBandwidth>
	</MemoryEntry>
	<MemoryEntry>
		<IsFavourite>false</IsFavourite>
		<Name>B 21 46/49</Name>
		<GroupName>Radiotelefon</GroupName>
		<Frequency>46770000</Frequency>
		<DetectorType>NFM</DetectorType>
		<Shift>0</Shift>
		<FilterBandwidth>12500</FilterBandwidth>
	</MemoryEntry>
	<MemoryEntry>
		<IsFavourite>false</IsFavourite>
		<Name>B 22 46/49</Name>
		<GroupName>Radiotelefon</GroupName>
		<Frequency>46830000</Frequency>
		<DetectorType>NFM</DetectorType>
		<Shift>0</Shift>
		<FilterBandwidth>12500</FilterBandwidth>
	</MemoryEntry>
	<MemoryEntry>
		<IsFavourite>false</IsFavourite>
		<Name>B 23 46/49</Name>
		<GroupName>Radiotelefon</GroupName>
		<Frequency>46870000</Frequency>
		<DetectorType>NFM</DetectorType>
		<Shift>0</Shift>
		<FilterBandwidth>12500</FilterBandwidth>
	</MemoryEntry>
	<MemoryEntry>
		<IsFavourite>false</IsFavourite>
		<Name>B 24 46/49</Name>
		<GroupName>Radiotelefon</GroupName>
		<Frequency>46930000</Frequency>
		<DetectorType>NFM</DetectorType>
		<Shift>0</Shift>
		<FilterBandwidth>12500</FilterBandwidth>
	</MemoryEntry>
	<MemoryEntry>
		<IsFavourite>false</IsFavourite>
		<Name>B 25 46/49</Name>
		<GroupName>Radiotelefon</GroupName>
		<Frequency>46970000</Frequency>
		<DetectorType>NFM</DetectorType>
		<Shift>0</Shift>
		<FilterBandwidth>12500</FilterBandwidth>
	</MemoryEntry>
	<MemoryEntry>
		<IsFavourite>false</IsFavourite>
		<Name>T 01 46/49</Name>
		<GroupName>Radiotelefon</GroupName>
		<Frequency>48760000</Frequency>
		<DetectorType>NFM</DetectorType>
		<Shift>0</Shift>
		<FilterBandwidth>12500</FilterBandwidth>
	</MemoryEntry>
	<MemoryEntry>
		<IsFavourite>false</IsFavourite>
		<Name>T 02 46/49</Name>
		<GroupName>Radiotelefon</GroupName>
		<Frequency>48840000</Frequency>
		<DetectorType>NFM</DetectorType>
		<Shift>0</Shift>
		<FilterBandwidth>12500</FilterBandwidth>
	</MemoryEntry>
	<MemoryEntry>
		<IsFavourite>false</IsFavourite>
		<Name>T 03 46/49</Name>
		<GroupName>Radiotelefon</GroupName>
		<Frequency>48860000</Frequency>
		<DetectorType>NFM</DetectorType>
		<Shift>0</Shift>
		<FilterBandwidth>12500</FilterBandwidth>
	</MemoryEntry>
	<MemoryEntry>
		<IsFavourite>false</IsFavourite>
		<Name>T 04 46/49</Name>
		<GroupName>Radiotelefon</GroupName>
		<Frequency>48920000</Frequency>
		<DetectorType>NFM</DetectorType>
		<Shift>0</Shift>
		<FilterBandwidth>12500</FilterBandwidth>
	</MemoryEntry>
	<MemoryEntry>
		<IsFavourite>false</IsFavourite>
		<Name>T 05 46/49</Name>
		<GroupName>Radiotelefon</GroupName>
		<Frequency>49000000</Frequency>
		<DetectorType>NFM</DetectorType>
		<Shift>0</Shift>
		<FilterBandwidth>12500</FilterBandwidth>
	</MemoryEntry>
	<MemoryEntry>
		<IsFavourite>false</IsFavourite>
		<Name>T 06 46/49</Name>
		<GroupName>Radiotelefon</GroupName>
		<Frequency>49080000</Frequency>
		<DetectorType>NFM</DetectorType>
		<Shift>0</Shift>
		<FilterBandwidth>12500</FilterBandwidth>
	</MemoryEntry>
	<MemoryEntry>
		<IsFavourite>false</IsFavourite>
		<Name>T 07 46/49</Name>
		<GroupName>Radiotelefon</GroupName>
		<Frequency>49100000</Frequency>
		<DetectorType>NFM</DetectorType>
		<Shift>0</Shift>
		<FilterBandwidth>12500</FilterBandwidth>
	</MemoryEntry>
	<MemoryEntry>
		<IsFavourite>false</IsFavourite>
		<Name>T 08 46/49</Name>
		<GroupName>Radiotelefon</GroupName>
		<Frequency>49160000</Frequency>
		<DetectorType>NFM</DetectorType>
		<Shift>0</Shift>
		<FilterBandwidth>12500</FilterBandwidth>
	</MemoryEntry>
	<MemoryEntry>
		<IsFavourite>false</IsFavourite>
		<Name>T 09 46/49</Name>
		<GroupName>Radiotelefon</GroupName>
		<Frequency>49200000</Frequency>
		<DetectorType>NFM</DetectorType>
		<Shift>0</Shift>
		<FilterBandwidth>12500</FilterBandwidth>
	</MemoryEntry>
	<MemoryEntry>
		<IsFavourite>false</IsFavourite>
		<Name>T 10 46/49</Name>
		<GroupName>Radiotelefon</GroupName>
		<Frequency>49240000</Frequency>
		<DetectorType>NFM</DetectorType>
		<Shift>0</Shift>
		<FilterBandwidth>12500</FilterBandwidth>
	</MemoryEntry>
	<MemoryEntry>
		<IsFavourite>false</IsFavourite>
		<Name>T 11 46/49</Name>
		<GroupName>Radiotelefon</GroupName>
		<Frequency>49280000</Frequency>
		<DetectorType>NFM</DetectorType>
		<Shift>0</Shift>
		<FilterBandwidth>12500</FilterBandwidth>
	</MemoryEntry>
	<MemoryEntry>
		<IsFavourite>false</IsFavourite>
		<Name>T 12 46/49</Name>
		<GroupName>Radiotelefon</GroupName>
		<Frequency>49360000</Frequency>
		<DetectorType>NFM</DetectorType>
		<Shift>0</Shift>
		<FilterBandwidth>12500</FilterBandwidth>
	</MemoryEntry>
	<MemoryEntry>
		<IsFavourite>false</IsFavourite>
		<Name>T 13 46/49</Name>
		<GroupName>Radiotelefon</GroupName>
		<Frequency>49400000</Frequency>
		<DetectorType>NFM</DetectorType>
		<Shift>0</Shift>
		<FilterBandwidth>12500</FilterBandwidth>
	</MemoryEntry>
	<MemoryEntry>
		<IsFavourite>false</IsFavourite>
		<Name>T 14 46/49</Name>
		<GroupName>Radiotelefon</GroupName>
		<Frequency>49460000</Frequency>
		<DetectorType>NFM</DetectorType>
		<Shift>0</Shift>
		<FilterBandwidth>12500</FilterBandwidth>
	</MemoryEntry>
	<MemoryEntry>
		<IsFavourite>false</IsFavourite>
		<Name>T 15 46/49</Name>
		<GroupName>Radiotelefon</GroupName>
		<Frequency>49500000</Frequency>
		<DetectorType>NFM</DetectorType>
		<Shift>0</Shift>
		<FilterBandwidth>12500</FilterBandwidth>
	</MemoryEntry>
	<MemoryEntry>
		<IsFavourite>false</IsFavourite>
		<Name>T 16 46/49</Name>
		<GroupName>Radiotelefon</GroupName>
		<Frequency>49670000</Frequency>
		<DetectorType>NFM</DetectorType>
		<Shift>0</Shift>
		<FilterBandwidth>12500</FilterBandwidth>
	</MemoryEntry>
	<MemoryEntry>
		<IsFavourite>false</IsFavourite>
		<Name>T 19 46/49</Name>
		<GroupName>Radiotelefon</GroupName>
		<Frequency>49770000</Frequency>
		<DetectorType>NFM</DetectorType>
		<Shift>0</Shift>
		<FilterBandwidth>12500</FilterBandwidth>
	</MemoryEntry>
	<MemoryEntry>
		<IsFavourite>false</IsFavourite>
		<Name>T 21 46/49</Name>
		<GroupName>Radiotelefon</GroupName>
		<Frequency>49830000</Frequency>
		<DetectorType>NFM</DetectorType>
		<Shift>0</Shift>
		<FilterBandwidth>12500</FilterBandwidth>
	</MemoryEntry>
	<MemoryEntry>
		<IsFavourite>false</IsFavourite>
		<Name>T 17 46/49</Name>
		<GroupName>Radiotelefon</GroupName>
		<Frequency>49845000</Frequency>
		<DetectorType>NFM</DetectorType>
		<Shift>0</Shift>
		<FilterBandwidth>12500</FilterBandwidth>
	</MemoryEntry>
	<MemoryEntry>
		<IsFavourite>false</IsFavourite>
		<Name>T 18 46/49</Name>
		<GroupName>Radiotelefon</GroupName>
		<Frequency>49860000</Frequency>
		<DetectorType>NFM</DetectorType>
		<Shift>0</Shift>
		<FilterBandwidth>12500</FilterBandwidth>
	</MemoryEntry>
	<MemoryEntry>
		<IsFavourite>false</IsFavourite>
		<Name>T 20 46/49</Name>
		<GroupName>Radiotelefon</GroupName>
		<Frequency>49875000</Frequency>
		<DetectorType>NFM</DetectorType>
		<Shift>0</Shift>
		<FilterBandwidth>12500</FilterBandwidth>
	</MemoryEntry>
	<MemoryEntry>
		<IsFavourite>false</IsFavourite>
		<Name>T 22 46/49</Name>
		<GroupName>Radiotelefon</GroupName>
		<Frequency>49890000</Frequency>
		<DetectorType>NFM</DetectorType>
		<Shift>0</Shift>
		<FilterBandwidth>12500</FilterBandwidth>
	</MemoryEntry>
	<MemoryEntry>
		<IsFavourite>false</IsFavourite>
		<Name>T 23 46/49</Name>
		<GroupName>Radiotelefon</GroupName>
		<Frequency>49930000</Frequency>
		<DetectorType>NFM</DetectorType>
		<Shift>0</Shift>
		<FilterBandwidth>12500</FilterBandwidth>
	</MemoryEntry>
	<MemoryEntry>
		<IsFavourite>false</IsFavourite>
		<Name>T 25 46/49</Name>
		<GroupName>Radiotelefon</GroupName>
		<Frequency>49970000</Frequency>
		<DetectorType>NFM</DetectorType>
		<Shift>0</Shift>
		<FilterBandwidth>12500</FilterBandwidth>
	</MemoryEntry>
	<MemoryEntry>
		<IsFavourite>false</IsFavourite>
		<Name>T 24 46/49</Name>
		<GroupName>Radiotelefon</GroupName>
		<Frequency>49990000</Frequency>
		<DetectorType>NFM</DetectorType>
		<Shift>0</Shift>
		<FilterBandwidth>12500</FilterBandwidth>
	</MemoryEntry>
</ArrayOfMemoryEntry>