<?xml version="1.0"?>
<ArrayOfMemoryEntry xmlns:xsi="http://www.w3.org/2001/XMLSchema-instance" xmlns:xsd="http://www.w3.org/2001/XMLSchema">
  <MemoryEntry>
    <IsFavourite>true</IsFavourite>
    <Name>1 900 kHz LSB</Name>
    <GroupName>Ham</GroupName>
    <Frequency>1900000</Frequency>
    <DetectorType>LSB</DetectorType>
    <Shift>-125000000</Shift>
    <FilterBandwidth>2400</FilterBandwidth>
  </MemoryEntry>
  <MemoryEntry>
    <IsFavourite>true</IsFavourite>
    <Name>3 600 kHz LSB</Name>
    <GroupName>Ham</GroupName>
    <Frequency>3600000</Frequency>
    <DetectorType>LSB</DetectorType>
    <Shift>-125000000</Shift>
    <FilterBandwidth>2400</FilterBandwidth>
  </MemoryEntry>
  <MemoryEntry>
    <IsFavourite>true</IsFavourite>
    <Name>7 100 kHz LSB</Name>
    <GroupName>Ham</GroupName>
    <Frequency>7100000</Frequency>
    <DetectorType>LSB</DetectorType>
    <Shift>-125000000</Shift>
    <FilterBandwidth>2400</FilterBandwidth>
  </MemoryEntry>
  <MemoryEntry>
    <IsFavourite>true</IsFavourite>
    <Name>10 101 kHz CWL</Name>
    <GroupName>Ham</GroupName>
    <Frequency>10101000</Frequency>
    <DetectorType>CWL</DetectorType>
    <Shift>-125000000</Shift>
    <FilterBandwidth>300</FilterBandwidth>
  </MemoryEntry>
  <MemoryEntry>
    <IsFavourite>true</IsFavourite>
    <Name>14 100 kHz USB</Name>
    <GroupName>Ham</GroupName>
    <Frequency>14100000</Frequency>
    <DetectorType>USB</DetectorType>
    <Shift>-125000000</Shift>
    <FilterBandwidth>2400</FilterBandwidth>
  </MemoryEntry>
  <MemoryEntry>
    <IsFavourite>true</IsFavourite>
    <Name>18 100 kHz USB</Name>
    <GroupName>Ham</GroupName>
    <Frequency>18100000</Frequency>
    <DetectorType>USB</DetectorType>
    <Shift>-125000000</Shift>
    <FilterBandwidth>2400</FilterBandwidth>
  </MemoryEntry>
  <MemoryEntry>
    <IsFavourite>true</IsFavourite>
    <Name>21 200 kHz USB</Name>
    <GroupName>Ham</GroupName>
    <Frequency>21200000</Frequency>
    <DetectorType>USB</DetectorType>
    <Shift>-125000000</Shift>
    <FilterBandwidth>2400</FilterBandwidth>
  </MemoryEntry>
  <MemoryEntry>
    <IsFavourite>true</IsFavourite>
    <Name>24 900 kHz USB</Name>
    <GroupName>Ham</GroupName>
    <Frequency>24900000</Frequency>
    <DetectorType>USB</DetectorType>
    <Shift>-125000000</Shift>
    <FilterBandwidth>2400</FilterBandwidth>
  </MemoryEntry>
  <MemoryEntry>
    <IsFavourite>true</IsFavourite>
    <Name>28 800 kHz USB</Name>
    <GroupName>Ham</GroupName>
    <Frequency>28800000</Frequency>
    <DetectorType>USB</DetectorType>
    <Shift>-125000000</Shift>
    <FilterBandwidth>2400</FilterBandwidth>
  </MemoryEntry>
  <MemoryEntry>
    <IsFavourite>true</IsFavourite>
    <Name>103,600 MHz WFM</Name>
    <GroupName>Misc</GroupName>
    <Frequency>103600000</Frequency>
    <DetectorType>WFM</DetectorType>
    <Shift>0</Shift>
    <FilterBandwidth>180000</FilterBandwidth>
  </MemoryEntry>
  <MemoryEntry>
    <IsFavourite>true</IsFavourite>
    <Name>104,000 MHz WFM</Name>
    <GroupName>Misc</GroupName>
    <Frequency>104000000</Frequency>
    <DetectorType>WFM</DetectorType>
    <Shift>0</Shift>
    <FilterBandwidth>180000</FilterBandwidth>
  </MemoryEntry>
  <MemoryEntry>
    <IsFavourite>true</IsFavourite>
    <Name>104,500 MHz WFM</Name>
    <GroupName>Misc</GroupName>
    <Frequency>104500000</Frequency>
    <DetectorType>WFM</DetectorType>
    <Shift>0</Shift>
    <FilterBandwidth>180000</FilterBandwidth>
  </MemoryEntry>
  <MemoryEntry>
    <IsFavourite>true</IsFavourite>
    <Name>105,300 MHz WFM</Name>
    <GroupName>Misc</GroupName>
    <Frequency>105300000</Frequency>
    <DetectorType>WFM</DetectorType>
    <Shift>0</Shift>
    <FilterBandwidth>180000</FilterBandwidth>
  </MemoryEntry>
  <MemoryEntry>
    <IsFavourite>true</IsFavourite>
    <Name>105,500 MHz WFM</Name>
    <GroupName>Misc</GroupName>
    <Frequency>105500000</Frequency>
    <DetectorType>WFM</DetectorType>
    <Shift>0</Shift>
    <FilterBandwidth>180000</FilterBandwidth>
  </MemoryEntry>
  <MemoryEntry>
    <IsFavourite>true</IsFavourite>
    <Name>106,100 MHz WFM</Name>
    <GroupName>Misc</GroupName>
    <Frequency>106100000</Frequency>
    <DetectorType>WFM</DetectorType>
    <Shift>0</Shift>
    <FilterBandwidth>180000</FilterBandwidth>
  </MemoryEntry>
  <MemoryEntry>
    <IsFavourite>true</IsFavourite>
    <Name>106,500 MHz WFM</Name>
    <GroupName>Misc</GroupName>
    <Frequency>106500000</Frequency>
    <DetectorType>WFM</DetectorType>
    <Shift>0</Shift>
    <FilterBandwidth>180000</FilterBandwidth>
  </MemoryEntry>
  <MemoryEntry>
    <IsFavourite>true</IsFavourite>
    <Name>106,900 MHz WFM</Name>
    <GroupName>Misc</GroupName>
    <Frequency>106900000</Frequency>
    <DetectorType>WFM</DetectorType>
    <Shift>0</Shift>
    <FilterBandwidth>180000</FilterBandwidth>
  </MemoryEntry>
  <MemoryEntry>
    <IsFavourite>true</IsFavourite>
    <Name>107,300 MHz WFM</Name>
    <GroupName>Misc</GroupName>
    <Frequency>107300000</Frequency>
    <DetectorType>WFM</DetectorType>
    <Shift>0</Shift>
    <FilterBandwidth>180000</FilterBandwidth>
  </MemoryEntry>
  <MemoryEntry>
    <IsFavourite>true</IsFavourite>
    <Name>144,775 MHz NFM</Name>
    <GroupName>Ham</GroupName>
    <Frequency>144775000</Frequency>
    <DetectorType>NFM</DetectorType>
    <Shift>0</Shift>
    <FilterBandwidth>12500</FilterBandwidth>
  </MemoryEntry>
  <MemoryEntry>
    <IsFavourite>true</IsFavourite>
    <Name>145,500 MHz NFM</Name>
    <GroupName>Ham</GroupName>
    <Frequency>145500000</Frequency>
    <DetectorType>NFM</DetectorType>
    <Shift>0</Shift>
    <FilterBandwidth>12500</FilterBandwidth>
  </MemoryEntry>
  <MemoryEntry>
    <IsFavourite>true</IsFavourite>
    <Name>434,525 MHz NFM</Name>
    <GroupName>Ham</GroupName>
    <Frequency>434525000</Frequency>
    <DetectorType>NFM</DetectorType>
    <Shift>0</Shift>
    <FilterBandwidth>11830</FilterBandwidth>
  </MemoryEntry>
  <MemoryEntry>
    <IsFavourite>true</IsFavourite>
    <Name>477,7497 MHz WFM</Name>
    <GroupName>Misc</GroupName>
    <Frequency>477750004</Frequency>
    <DetectorType>WFM</DetectorType>
    <Shift>0</Shift>
    <FilterBandwidth>180000</FilterBandwidth>
  </MemoryEntry>
  <MemoryEntry>
    <IsFavourite>true</IsFavourite>
    <Name>500,7188 MHz WFM</Name>
    <GroupName>Misc</GroupName>
    <Frequency>500718829</Frequency>
    <DetectorType>WFM</DetectorType>
    <Shift>0</Shift>
    <FilterBandwidth>180000</FilterBandwidth>
  </MemoryEntry>
  <MemoryEntry>
    <IsFavourite>true</IsFavourite>
    <Name>509,7599 MHz WFM</Name>
    <GroupName>Misc</GroupName>
    <Frequency>509759945</Frequency>
    <DetectorType>WFM</DetectorType>
    <Shift>0</Shift>
    <FilterBandwidth>180000</FilterBandwidth>
  </MemoryEntry>
  <MemoryEntry>
    <IsFavourite>true</IsFavourite>
    <Name>525,7691 MHz WFM</Name>
    <GroupName>Misc</GroupName>
    <Frequency>525769065</Frequency>
    <DetectorType>WFM</DetectorType>
    <Shift>0</Shift>
    <FilterBandwidth>180000</FilterBandwidth>
  </MemoryEntry>
</ArrayOfMemoryEntry>